,mean,std,min,max
RandomForest,1.0,0.0,1.0,1.0
GradientBoosting,1.0,0.0,1.0,1.0
LogisticRegression,0.9928168291431504,1.1102230246251565e-16,0.9928168291431503,0.9928168291431503
KNN,0.8506926629040533,0.0,0.8506926629040533,0.8506926629040533
SVM,0.9584402257567982,1.1102230246251565e-16,0.9584402257567983,0.9584402257567983
DeepLearning,0.9784504874294511,0.0015104773159445681,0.9763981528989225,0.9799897383273474
